key_id,masterkey_id,key_status,date_added
NoKey,NoMKey,Available,2023-7-22
92517,92517,Available,2023-7-22
92270,92270,Available,2023-7-22
95464,95464,Available,2023-7-22
96128,96128,Available,2023-7-22
96129,96129,Available,2023-7-22
9525,9525,Available,2023-7-22
96075,96075,Available,2023-7-22
95294,95294,Available,2023-7-22
5492,5492,Available,2023-7-22
96044,96044,Available,2023-7-22
92222,92222,Available,2023-7-22
6463,6463,Available,2023-7-22
6937,6937,Available,2023-7-22
96038,96038,Available,2023-7-22
92326,92326,Available,2023-7-22
95248,95248,Available,2023-7-22
96068,96068,Available,2023-7-22
92301,92301,Available,2023-7-22
95164,95164,Available,2023-7-22
95202,95202,Available,2023-7-22
96548,96548,Available,2023-7-22
9651,9651,Available,2023-7-22
96538,96538,Available,2023-7-22
92229,92229,Available,2023-7-22
9634,9634,Available,2023-7-22
96078,96078,Available,2023-7-22
95217,95217,Available,2023-7-22
92297,92297,Available,2023-7-22
9535,9535,Available,2023-7-22
96751,96751,Available,2023-7-22
5939,5939,Available,2023-7-22
95386,95386,Available,2023-7-22
92353,92353,Available,2023-7-22
5216,5216,Available,2023-7-22
92627,92627,Available,2023-7-22
92547,92547,Available,2023-7-22
95206,95206,Available,2023-7-22
95217,95217,Available,2023-7-22
9504,9504,Available,2023-7-22
5823,5823,Available,2023-7-22
95269,95269,Available,2023-7-22
6275,6275,Available,2023-7-22
95469,95469,Available,2023-7-22
92369,92369,Available,2023-7-22
9598,9598,Available,2023-7-22
92210,92210,Available,2023-7-22
5495,5495,Available,2023-7-22
95018,95018,Available,2023-7-22
92307,92307,Available,2023-7-22
92340,92340,Available,2023-7-22
96262,96262,Available,2023-7-22
5485,5485,Available,2023-7-22
96225,96225,Available,2023-7-22
96356,96356,Available,2023-7-22
6392,6392,Available,2023-7-22
92227,92227,Available,2023-7-22
9619,9619,Available,2023-7-22
95247,95247,Available,2023-7-22
95384,95384,Available,2023-7-22
5437,5437,Available,2023-7-22
92332,92332,Available,2023-7-22
96179,96179,Available,2023-7-22
92201,92201,Available,2023-7-22
9572,9572,Available,2023-7-22
95290,95290,Available,2023-7-22
95873,95873,Available,2023-7-22
95232,95232,Available,2023-7-22
6004,6004,Available,2023-7-22
92366,92366,Available,2023-7-22
95179,95179,Available,2023-7-22
92261,92261,Available,2023-7-22
92134,92314,Available,2023-7-22
95774,95774,Available,2023-7-22
92291,92291,Available,2023-7-22
95493,95493,Available,2023-7-22
95412,95412,Available,2023-7-22
96567,96567,Available,2023-7-22
95300,95300,Available,2023-7-22
95891,95891,Available,2023-7-22
95203,95203,Available,2023-7-22
96689,96689,Available,2023-7-22
92298,92298,Available,2023-7-22
96705,96705,Available,2023-7-22
96146,96146,Available,2023-7-22
96480,96480,Available,2023-7-22
96738,96738,Available,2023-7-22
96110,96110,Available,2023-7-22
92279,92279,Available,2023-7-22
96458,96458,Available,2023-7-22
96572,96572,Available,2023-7-22
96291,96291,Available,2023-7-22
92361,92361,Available,2023-7-22
92254,92254,Available,2023-7-22
92256,92256,Available,2023-7-22
92360,92360,Available,2023-7-22
95017,95017,Available,2023-7-22
92333,92333,Available,2023-7-22
92221,92221,Available,2023-7-22
96205,96205,Available,2023-7-22
92392,92392,Available,2023-7-22
92294,92294,Available,2023-7-22
96038,96038,Available,2023-7-22
28256,28256,Available,2023-7-22
92242,92242,Available,2023-7-22
92212,92212,Available,2023-7-22
92387,92387,Available,2023-7-22
92274,92274,Available,2023-7-22
95971,95971,Available,2023-7-22
92244,92244,Available,2023-7-22
96002,96002,Available,2023-7-22
92341,92341,Available,2023-7-22
92250,92250,Available,2023-7-22
92238,92238,Available,2023-7-22
92335,92335,Available,2023-7-22
92283,92283,Available,2023-7-22
92339,92339,Available,2023-7-22
92286,92286,Available,2023-7-22
96863,96863,Available,2023-7-22
96037,96037,Available,2023-7-22
962268,962268,Available,2023-7-22
95078,95078,Available,2023-7-22
96723,96723,Available,2023-7-22
95764,95764,Available,2023-7-22
95110,95110,Available,2023-7-22
96707,96707,Available,2023-7-22
92239,92239,Available,2023-7-22
95417,95417,Available,2023-7-22
95401,95401,Available,2023-7-22
95716,95716,Available,2023-7-22
95125,95125,Available,2023-7-22
96666,96666,Available,2023-7-22
96088,96088,Available,2023-7-22
92314,92314,Available,2023-7-22
96106,96106,Available,2023-7-22
96040,96040,Available,2023-7-22
95040,95040,Available,2023-7-22
95132,95132,Available,2023-7-22
95087,95087,Available,2023-7-22
96217,96217,Available,2023-7-22
95110,95110,Available,2023-7-22
95353,95353,Available,2023-7-22
95297,95297,Available,2023-7-22
96189,96189,Available,2023-7-22
92275,92275,Available,2023-7-22
95271,95271,Available,2023-7-22
96963,96963,Available,2023-7-22
96970,96970,Available,2023-7-22
92219,92219,Available,2023-7-22
95246,95246,Available,2023-7-22
95124,95124,Available,2023-7-22
92395,92395,Available,2023-7-22
95140,95140,Available,2023-7-22
95369,95369,Available,2023-7-22
921231,921231,Available,2023-7-22
952476,952476,Available,2023-7-22
92303,92303,Available,2023-7-22
96436,96436,Available,2023-7-22
96116,96116,Available,2023-7-22
95383,95383,Available,2023-7-22
92227,92227,Available,2023-7-22
95276,95276,Available,2023-7-22
95767,95767,Available,2023-7-22
96697,96697,Available,2023-7-22
96165,96165,Available,2023-7-22
92235,92235,Available,2023-7-22
92265,92265,Available,2023-7-22
96915,96915,Available,2023-7-22
96042,96042,Available,2023-7-22
98770,98770,Available,2023-7-22
96013,96013,Available,2023-7-22
95185,95185,Available,2023-7-22
92225,92225,Available,2023-7-22
92244,92244,Available,2023-7-22
95985,95985,Available,2023-7-22
95156,95156,Available,2023-7-22
96049,96049,Available,2023-7-22
92206,92206,Available,2023-7-22
922235,922235,Available,2023-7-22
92374,92374,Available,2023-7-22
96840,96840,Available,2023-7-22
96194,96194,Available,2023-7-22
95404,95404,Available,2023-7-22
96564,96564,Available,2023-7-22
95057,95057,Available,2023-7-22
92271,92271,Available,2023-7-22
96632,96632,Available,2023-7-22
96077,96077,Available,2023-7-22
95389,95389,Available,2023-7-22
92273,92273,Available,2023-7-22
92210,92210,Available,2023-7-22
92275,92275,Available,2023-7-22
96504,96504,Available,2023-7-22
95078,95078,Available,2023-7-22
92257,92257,Available,2023-7-22
92271,92271,Available,2023-7-22
99896,99896,Available,2023-7-22
92389,92389,Available,2023-7-22
92277,92277,Available,2023-7-22
92361,92361,Available,2023-7-22
95445,95445,Available,2023-7-22
92361,92361,Available,2023-7-22
95445,95445,Available,2023-7-22
92398,92398,Available,2023-7-22
95212,95212,Available,2023-7-22
95801,95801,Available,2023-7-22
92233,92233,Available,2023-7-22
96805,96805,Available,2023-7-22
95081,95081,Available,2023-7-22
92371,92371,Available,2023-7-22
96503,96503,Available,2023-7-22
92291,92291,Available,2023-7-22
96896,96896,Available,2023-7-22
92220,92220,Available,2023-7-22
95825,95825,Available,2023-7-22
92287,92287,Available,2023-7-22
95278,95278,Available,2023-7-22
95286,95286,Available,2023-7-22
92324,92324,Available,2023-7-22
96554,96554,Available,2023-7-22
95044,95044,Available,2023-7-22
95214,95214,Available,2023-7-22
92299,92299,Available,2023-7-22
92324,92324,Available,2023-7-22
92206,92206,Available,2023-7-22
92324,92324,Available,2023-7-22
95745,95745,Available,2023-7-22
92202,92202,Available,2023-7-22
96219,96219,Available,2023-7-22
95074,95074,Available,2023-7-22
95749,95749,Available,2023-7-22
92253,92253,Available,2023-7-22
95416,95416,Available,2023-7-22
92214,92214,Available,2023-7-22
96491,96491,Available,2023-7-22
96905,96905,Available,2023-7-22
92267,92267,Available,2023-7-22
92225,92225,Available,2023-7-22
92395,92395,Available,2023-7-22
92269,92269,Available,2023-7-22
95277,95277,Available,2023-7-22
92293,92293,Available,2023-7-22
96922,96922,Available,2023-7-22
96605,96605,Available,2023-7-22
92394,92394,Available,2023-7-22
95328,95328,Available,2023-7-22
92321,92321,Available,2023-7-22
95248,95248,Available,2023-7-22
96511,96511,Available,2023-7-22
92213,92213,Available,2023-7-22
92251,92251,Available,2023-7-22
92222,92222,Available,2023-7-22
92211,92211,Available,2023-7-22
96034,96034,Available,2023-7-22
95834,95834,Available,2023-7-22
95197,95197,Available,2023-7-22
95458,95458,Available,2023-7-22
92305,92305,Available,2023-7-22
92305,92305,Available,2023-7-22
95174,95174,Available,2023-7-22
95879,95879,Available,2023-7-22
92243,92243,Available,2023-7-22
95972,95972,Available,2023-7-22
92326,92326,Available,2023-7-22
92219,92219,Available,2023-7-22
92204,92204,Available,2023-7-22
95467,95467,Available,2023-7-22
95385,95385,Available,2023-7-22
95123,95123,Available,2023-7-22
95403,95403,Available,2023-7-22
92322,92322,Available,2023-7-22
95373,95373,Available,2023-7-22
92201,92201,Available,2023-7-22
96173,96173,Available,2023-7-22
92355,92355,Available,2023-7-22
96022,96022,Available,2023-7-22
96799,96799,Available,2023-7-22
92315,315,Available,2023-7-22
95718,95718,Available,2023-7-22
92272,272,Available,2023-7-22
96089,96089,Available,2023-7-22
92232,232,Available,2023-7-22
92397,397,Available,2023-7-22
96994,96994,Available,2023-7-22
92296,296,Available,2023-7-22
96052,96052,Available,2023-7-22
96871,96871,Available,2023-7-22
95839,95839,Available,2023-7-22
96244,96244,Available,2023-7-22
96992,96992,Available,2023-7-22
96298,96298,Available,2023-7-22
95228,95228,Available,2023-7-22
96194,96194,Available,2023-7-22
95304,95304,Available,2023-7-22
95454,95454,Available,2023-7-22
92252,252,Available,2023-7-22
96125,96125,Available,2023-7-22
96407,96407,Available,2023-7-22
96458,96458,Available,2023-7-22
95146,95146,Available,2023-7-22
95157,95157,Available,2023-7-22
92283,0,Available,2023-7-22
92234,234,Available,2023-7-22
95711,95711,Available,2023-7-22
92329,329,Available,2023-7-22
95861,95861,Available,2023-7-22
96119,96119,Available,2023-7-22
96596,96596,Available,2023-7-22
92388,388,Available,2023-7-22
96001,96001,Available,2023-7-22
95214,95214,Available,2023-7-22
92252,252,Available,2023-7-22
96086,96086,Available,2023-7-22
95435,95435,Available,2023-7-22
96092,96092,Available,2023-7-22
95782,95782,Available,2023-7-22
95032,95032,Available,2023-7-22
95911,95911,Available,2023-7-22
96388,96388,Available,2023-7-22
92273,0,Available,2023-7-22
95161,95161,Available,2023-7-22
95232,95232,Available,2023-7-22
95203,95203,Available,2023-7-22
95079,95079,Available,2023-7-22
92308,308,Available,2023-7-22
92228,228,Available,2023-7-22
96091,96091,Available,2023-7-22
92208,208,Available,2023-7-22
95235,95235,Available,2023-7-22
95012,95012,Available,2023-7-22
92399,399,Available,2023-7-22
92258,258,Available,2023-7-22
92318,92318,Available,2023-7-22
96308,96308,Available,2023-7-22
92218,218,Available,2023-7-22
92377,377,Available,2023-7-22
96262,96262,Available,2023-7-22
92233,233,Available,2023-7-22
92317,317,Available,2023-7-22
96447,96447,Available,2023-7-22
92335,335,Available,2023-7-22
95237,95237,Available,2023-7-22
95973,95973,Available,2023-7-22
92328,328,Available,2023-7-22
92280,280,Available,2023-7-22
92301,301,Available,2023-7-22
96437,96437,Available,2023-7-22
92274,92274,Available,2023-7-22
92356,356,Available,2023-7-22
92368,368,Available,2023-7-22
96967,96967,Available,2023-7-22
96854,96854,Available,2023-7-22
92290,290,Available,2023-7-22
92373,373,Available,2023-7-22
96771,96771,Available,2023-7-22
92292,292,Available,2023-7-22
95290,95290,Available,2023-7-22
92318,92318,Available,2023-7-22
96058,96058,Available,2023-7-22
92304,92304,Available,2023-7-22
95842,95842,Available,2023-7-22
96106,96106,Available,2023-7-22
95103,95103,Available,2023-7-22
92334,334,Available,2023-7-22
92564,564,Available,2023-7-22
86100,86100,Available,2023-7-22
95322,95322,Available,2023-7-22
95242,95242,Available,2023-7-22
95776,95776,Available,2023-7-22
95139,95139,Available,2023-7-22
95412,95412,Available,2023-7-22
96532,96532,Available,2023-7-22
96781,96781,Available,2023-7-22
96739,96739,Available,2023-7-22
95221,95221,Available,2023-7-22
95998,95998,Available,2023-7-22
96847,96847,Available,2023-7-22
95378,95378,Available,2023-7-22
92384,384,Available,2023-7-22
95389,95389,Available,2023-7-22
96284,96284,Available,2023-7-22
92276,92276,Available,2023-7-22
95781,95781,Available,2023-7-22
92217,217,Available,2023-7-22
92308,308,Available,2023-7-22
96205,96205,Available,2023-7-22
92252,252,Available,2023-7-22
96737,96737,Available,2023-7-22
92372,372,Available,2023-7-22
95273,95273,Available,2023-7-22
92210,210,Available,2023-7-22
96111,96111,Available,2023-7-22
92348,348,Available,2023-7-22
92270,270,Available,2023-7-22
95449,95449,Available,2023-7-22
95337,95337,Available,2023-7-22
95152,95152,Available,2023-7-22
95268,95268,Available,2023-7-22
95009,95009,Available,2023-7-22
95310,95310,Available,2023-7-22
96302,96302,Available,2023-7-22
95266,95266,Available,2023-7-22
92340,340,Available,2023-7-22
96588,96588,Available,2023-7-22
96952,96952,Available,2023-7-22
92210,210,Available,2023-7-22
92281,281,Available,2023-7-22
96417,96417,Available,2023-7-22
96423,96423,Available,2023-7-22
92294,294,Available,2023-7-22
92237,237,Available,2023-7-22
95915,95915,Available,2023-7-22
95810,95810,Available,2023-7-22
96172,96172,Available,2023-7-22
96091,96091,Available,2023-7-22
95729,95729,Available,2023-7-22
96516,96516,Available,2023-7-22
95451,95451,Available,2023-7-22
96232,96232,Available,2023-7-22
96722,96722,Available,2023-7-22
95332,95332,Available,2023-7-22
92282,282,Available,2023-7-22
92395,395,Available,2023-7-22
95886,95886,Available,2023-7-22
92387,387,Available,2023-7-22
95816,95816,Available,2023-7-22
96555,96555,Available,2023-7-22
96137,96137,Available,2023-7-22
95039,95039,Available,2023-7-22
92366,366,Available,2023-7-22
96608,96608,Available,2023-7-22
92208,92208,Available,2023-7-22
92322,322,Available,2023-7-22
96377,96377,Available,2023-7-22
95462,95462,Available,2023-7-22
92376,376,Available,2023-7-22
95491,95491,Available,2023-7-22
96757,96757,Available,2023-7-22
96277,96277,Available,2023-7-22
95326,95326,Available,2023-7-22
95198,95198,Available,2023-7-22
95130,95130,Available,2023-7-22
92276,276,Available,2023-7-22
92225,225,Available,2023-7-22
92304,304,Available,2023-7-22
96946,96946,Available,2023-7-22
96123,96123,Available,2023-7-22
92217,217,Available,2023-7-22
95299,95299,Available,2023-7-22
96756,96756,Available,2023-7-22
95846,95846,Available,2023-7-22
96808,96808,Available,2023-7-22
95163,95163,Available,2023-7-22
95465,95465,Available,2023-7-22
92226,226,Available,2023-7-22
95358,95358,Available,2023-7-22
96038,96038,Available,2023-7-22
92356,356,Available,2023-7-22
96485,96485,Available,2023-7-22
96349,96349,Available,2023-7-22
95282,95282,Available,2023-7-22
92236,236,Available,2023-7-22
96521,96521,Available,2023-7-22
92237,237,Available,2023-7-22
92323,323,Available,2023-7-22
96423,96423,Available,2023-7-22
96758,96758,Available,2023-7-22
96720,96720,Available,2023-7-22
95152,95152,Available,2023-7-22
96048,96048,Available,2023-7-22
92312,312,Available,2023-7-22
92333,333,Available,2023-7-22
96198,96198,Available,2023-7-22
96900,96900,Available,2023-7-22
96057,96057,Available,2023-7-22
96161,96161,Available,2023-7-22
96867,96867,Available,2023-7-22
96505,96505,Available,2023-7-22
96053,96053,Available,2023-7-22
95240,95240,Available,2023-7-22
92364,364,Available,2023-7-22
92382,382,Available,2023-7-22
96011,96011,Available,2023-7-22
92202,202,Available,2023-7-22
96467,96467,Available,2023-7-22
92305,305,Available,2023-7-22
92373,92373,Available,2023-7-22
92368,368,Available,2023-7-22
95850,95850,Available,2023-7-22
96007,96007,Available,2023-7-22
95286,95286,Available,2023-7-22
96719,96719,Available,2023-7-22
92376,376,Available,2023-7-22
95788,95788,Available,2023-7-22
96688,96688,Available,2023-7-22
92365,365,Available,2023-7-22
96101,96101,Available,2023-7-22
92308,308,Available,2023-7-22
95367,95367,Available,2023-7-22
96690,96690,Available,2023-7-22
96787,96787,Available,2023-7-22
96176,96176,Available,2023-7-22
95442,95442,Available,2023-7-22
93786,93786,Available,2023-7-22
92268,268,Available,2023-7-22
92229,229,Available,2023-7-22
92243,243,Available,2023-7-22
95988,95988,Available,2023-7-22
95835,95835,Available,2023-7-22
95410,95410,Available,2023-7-22
96392,96392,Available,2023-7-22
96416,96416,Available,2023-7-22
96127,96127,Available,2023-7-22
95952,95952,Available,2023-7-22
95258,95258,Available,2023-7-22
95744,95744,Available,2023-7-22
92259,259,Available,2023-7-22
96792,96792,Available,2023-7-22
95495,95495,Available,2023-7-22
95813,95813,Available,2023-7-22
96118,96118,Available,2023-7-22
92350,350,Available,2023-7-22
92205,205,Available,2023-7-22
96256,96256,Available,2023-7-22
98424,98424,Available,2023-7-22
92207,207,Available,2023-7-22
92281,281,Available,2023-7-22
96596,96596,Available,2023-7-22
96706,96706,Available,2023-7-22
95909,95909,Available,2023-7-22
96847,96847,Available,2023-7-22
96447,96447,Available,2023-7-22
96925,96925,Available,2023-7-22
96454,96454,Available,2023-7-22
95365,95365,Available,2023-7-22
95726,95726,Available,2023-7-22
92279,279,Available,2023-7-22
92202,92202,Available,2023-7-22
95984,95984,Available,2023-7-22
92365,365,Available,2023-7-22
92359,359,Available,2023-7-22
92312,312,Available,2023-7-22
95957,95957,Available,2023-7-22
95183,95183,Available,2023-7-22
96183,96183,Available,2023-7-22
96116,96116,Available,2023-7-22
92379,379,Available,2023-7-22
96924,96924,Available,2023-7-22
96267,96267,Available,2023-7-22
95320,95320,Available,2023-7-22
96152,96152,Available,2023-7-22
96271,96271,Available,2023-7-22
92231,231,Available,2023-7-22
96403,96403,Available,2023-7-22
96021,96021,Available,2023-7-22
96528,96528,Available,2023-7-22
96336,96336,Available,2023-7-22
95149,95149,Available,2023-7-22
92254,254,Available,2023-7-22
96324,96324,Available,2023-7-22
92315,92315,Available,2023-7-22
92395,92395,Available,2023-7-22
96166,96166,Available,2023-7-22
95042,95042,Available,2023-7-22
96079,96079,Available,2023-7-22
92308,92308,Available,2023-7-22
96196,96196,Available,2023-7-22
69860,69860,Available,2023-7-22
92333,333,Available,2023-7-22
96159,96159,Available,2023-7-22
96442,96442,Available,2023-7-22
96458,96458,Available,2023-7-22
96132,96132,Available,2023-7-22
95041,95041,Available,2023-7-22
95380,95380,Available,2023-7-22
92246,92246,Available,2023-7-22
95182,95182,Available,2023-7-22
96333,96333,Available,2023-7-22
92282,92282,Available,2023-7-22
92354,354,Available,2023-7-22
92328,328,Available,2023-7-22
92258,258,Available,2023-7-22
92363,363,Available,2023-7-22
96220,96220,Available,2023-7-22
92246,246,Available,2023-7-22
92363,363,Available,2023-7-22
96322,96322,Available,2023-7-22
96065,96065,Available,2023-7-22
95160,95160,Available,2023-7-22
96613,96613,Available,2023-7-22
96897,96897,Available,2023-7-22
96208,96208,Available,2023-7-22
95220,95220,Available,2023-7-22
92370,370,Available,2023-7-22
92231,231,Available,2023-7-22
95336,95336,Available,2023-7-22
96788,96788,Available,2023-7-22
96409,96409,Available,2023-7-22
95315,95315,Available,2023-7-22
96293,96293,Available,2023-7-22
92325,325,Available,2023-7-22
95474,95474,Available,2023-7-22
96023,96023,Available,2023-7-22
92376,376,Available,2023-7-22
95250,95250,Available,2023-7-22
96743,96743,Available,2023-7-22
96641,96641,Available,2023-7-22
95272,95272,Available,2023-7-22
95777,95777,Available,2023-7-22
92357,357,Available,2023-7-22
96490,96490,Available,2023-7-22
96254,96254,Available,2023-7-22
96164,96164,Available,2023-7-22
92201,92201,Available,2023-7-22
95707,95707,Available,2023-7-22
95254,95254,Available,2023-7-22
95370,95370,Available,2023-7-22
96308,96308,Available,2023-7-22
95318,95318,Available,2023-7-22
96105,96105,Available,2023-7-22
95138,95138,Available,2023-7-22
95708,95708,Available,2023-7-22
95022,95022,Available,2023-7-22
92330,330,Available,2023-7-22
92265,265,Available,2023-7-22
95423,95423,Available,2023-7-22
96007,96007,Available,2023-7-22
92298,298,Available,2023-7-22
96431,96431,Available,2023-7-22
96761,96761,Available,2023-7-22
92255,255,Available,2023-7-22
92333,333,Available,2023-7-22
92282,282,Available,2023-7-22
95886,95886,Available,2023-7-22
92342,342,Available,2023-7-22
95785,95785,Available,2023-7-22
95771,95771,Available,2023-7-22
92264,264,Available,2023-7-22
92295,295,Available,2023-7-22
96700,96700,Available,2023-7-22
96024,96024,Available,2023-7-22
92280,280,Available,2023-7-22
92244,244,Available,2023-7-22
92204,204,Available,2023-7-22
92299,299,Available,2023-7-22
92296,296,Available,2023-7-22
92382,382,Available,2023-7-22
92260,260,Available,2023-7-22
96967,96967,Available,2023-7-22
92362,362,Available,2023-7-22
96298,96298,Available,2023-7-22
92361,361,Available,2023-7-22
92304,304,Available,2023-7-22
92393,393,Available,2023-7-22
95707,95707,Available,2023-7-22
95295,95295,Available,2023-7-22
96270,96270,Available,2023-7-22
96433,96433,Available,2023-7-22
96003,96003,Available,2023-7-22
92344,344,Available,2023-7-22
95982,95982,Available,2023-7-22
96254,96254,Available,2023-7-22
95485,95485,Available,2023-7-22
95717,95717,Available,2023-7-22
92382,382,Available,2023-7-22
95818,95818,Available,2023-7-22
96187,96187,Available,2023-7-22
92229,229,Available,2023-7-22
96816,96816,Available,2023-7-22
96990,96990,Available,2023-7-22
92315,315,Available,2023-7-22
96112,96112,Available,2023-7-22
96089,96089,Available,2023-7-22
95163,95163,Available,2023-7-22
96929,96929,Available,2023-7-22
92287,287,Available,2023-7-22
96370,96370,Available,2023-7-22
96484,96484,Available,2023-7-22
96351,96351,Available,2023-7-22
92271,271,Available,2023-7-22
96424,96424,Available,2023-7-22
92366,366,Available,2023-7-22
96321,96321,Available,2023-7-22
92391,391,Available,2023-7-22
92227,227,Available,2023-7-22
92290,290,Available,2023-7-22
95714,95714,Available,2023-7-22
95144,95144,Available,2023-7-22
92301,301,Available,2023-7-22
92204,204,Available,2023-7-22
92323,323,Available,2023-7-22
96961,96961,Available,2023-7-22
92340,340,Available,2023-7-22
95804,95804,Available,2023-7-22
92324,324,Available,2023-7-22
95469,95469,Available,2023-7-22
96513,96513,Available,2023-7-22
96886,96886,Available,2023-7-22
95890,95890,Available,2023-7-22
95905,95905,Available,2023-7-22
95200,95200,Available,2023-7-22
95083,95083,Available,2023-7-22
95111,95111,Available,2023-7-22
95207,95207,Available,2023-7-22
95874,95874,Available,2023-7-22
92400,400,Available,2023-7-22
95012,95012,Available,2023-7-22
96168,96168,Available,2023-7-22
96653,96653,Available,2023-7-22
95452,95452,Available,2023-7-22
92214,214,Available,2023-7-22
95988,95988,Available,2023-7-22
96720,96720,Available,2023-7-22
95395,95395,Available,2023-7-22
96736,96736,Available,2023-7-22
96442,96442,Available,2023-7-22
96408,96408,Available,2023-7-22
92230,230,Available,2023-7-22
95833,95833,Available,2023-7-22
95262,95262,Available,2023-7-22
96133,96133,Available,2023-7-22
92360,360,Available,2023-7-22
95497,95497,Available,2023-7-22
92284,284,Available,2023-7-22
95965,95965,Available,2023-7-22
92220,220,Available,2023-7-22
92271,271,Available,2023-7-22
96487,96487,Available,2023-7-22
96007,96007,Available,2023-7-22
92364,364,Available,2023-7-22
92267,267,Available,2023-7-22
96767,96767,Available,2023-7-22
96788,96788,Available,2023-7-22
96919,96919,Available,2023-7-22
96392,96392,Available,2023-7-22
92237,237,Available,2023-7-22
96711,96711,Available,2023-7-22
96760,96760,Available,2023-7-22
96329,96329,Available,2023-7-22
92318,318,Available,2023-7-22
96411,96411,Available,2023-7-22
96340,96340,Available,2023-7-22
96543,96543,Available,2023-7-22
96879,96879,Available,2023-7-22
96083,96083,Available,2023-7-22
96883,96883,Available,2023-7-22
96899,96899,Available,2023-7-22
96394,96394,Available,2023-7-22
96049,96049,Available,2023-7-22
92397,397,Available,2023-7-22
92268,268,Available,2023-7-22
92389,389,Available,2023-7-22
92246,246,Available,2023-7-22
96231,96231,Available,2023-7-22
92309,309,Available,2023-7-22
95472,95472,Available,2023-7-22
92316,316,Available,2023-7-22
92241,241,Available,2023-7-22
96469,96469,Available,2023-7-22
95793,95793,Available,2023-7-22
96009,96009,Available,2023-7-22
92346,346,Available,2023-7-22
95987,95987,Available,2023-7-22
92281,281,Available,2023-7-22
95488,95488,Available,2023-7-22
96465,96465,Available,2023-7-22
92203,203,Available,2023-7-22
95936,95936,Available,2023-7-22
96982,96982,Available,2023-7-22
96814,96814,Available,2023-7-22
95210,95210,Available,2023-7-22
96661,96661,Available,2023-7-22
96872,96872,Available,2023-7-22
96972,96972,Available,2023-7-22
96203,96203,Available,2023-7-22
92238,238,Available,2023-7-22
95461,95461,Available,2023-7-22
95800,95800,Available,2023-7-22
95009,95009,Available,2023-7-22
92350,350,Available,2023-7-22
95341,95341,Available,2023-7-22
92319,319,Available,2023-7-22
92345,345,Available,2023-7-22
96093,96093,Available,2023-7-22
96416,96416,Available,2023-7-22
95772,95772,Available,2023-7-22
96331,96331,Available,2023-7-22
92384,384,Available,2023-7-22
92213,213,Available,2023-7-22
96315,96315,Available,2023-7-22
96022,96022,Available,2023-7-22
92212,212,Available,2023-7-22
96823,96823,Available,2023-7-22
92276,276,Available,2023-7-22
96419,96419,Available,2023-7-22
92236,236,Available,2023-7-22
92212,212,Available,2023-7-22
92270,270,Available,2023-7-22
96631,96631,Available,2023-7-22
92226,226,Available,2023-7-22
96490,96490,Available,2023-7-22
96559,96559,Available,2023-7-22
92276,276,Available,2023-7-22
96233,96233,Available,2023-7-22
92379,379,Available,2023-7-22
96462,96462,Available,2023-7-22
95457,95457,Available,2023-7-22
96056,96056,Available,2023-7-22
96323,96323,Available,2023-7-22
92387,387,Available,2023-7-22
92313,313,Available,2023-7-22
92307,307,Available,2023-7-22
92240,240,Available,2023-7-22
96985,96985,Available,2023-7-22
95128,95128,Available,2023-7-22
96288,96288,Available,2023-7-22
96167,96167,Available,2023-7-22
92351,351,Available,2023-7-22
96885,96885,Available,2023-7-22
96111,96111,Available,2023-7-22
96531,96531,Available,2023-7-22
96082,96082,Available,2023-7-22
96167,96167,Available,2023-7-22
96084,96084,Available,2023-7-22
96909,96909,Available,2023-7-22
92232,232,Available,2023-7-22
92380,380,Available,2023-7-22
96117,96117,Available,2023-7-22
92399,399,Available,2023-7-22
92395,395,Available,2023-7-22
96071,96071,Available,2023-7-22
96343,96343,Available,2023-7-22
96028,96028,Available,2023-7-22
92241,241,Available,2023-7-22
96290,96290,Available,2023-7-22
96801,96801,Available,2023-7-22
96172,96172,Available,2023-7-22
96223,96223,Available,2023-7-22
96170,96170,Available,2023-7-22
96332,96332,Available,2023-7-22
92362,362,Available,2023-7-22
96874,96874,Available,2023-7-22
95348,95348,Available,2023-7-22
92392,392,Available,2023-7-22
96475,96475,Available,2023-7-22
96201,96201,Available,2023-7-22
92214,214,Available,2023-7-22
95210,95210,Available,2023-7-22
96522,96522,Available,2023-7-22
96005,96005,Available,2023-7-22
96180,96180,Available,2023-7-22
96221,96221,Available,2023-7-22
92374,374,Available,2023-7-22
95727,95727,Available,2023-7-22
95303,95303,Available,2023-7-22
92218,218,Available,2023-7-22
92215,215,Available,2023-7-22
92218,218,Available,2023-7-22
92241,241,Available,2023-7-22
92217,217,Available,2023-7-22
92257,257,Available,2023-7-22
92269,269,Available,2023-7-22
92216,216,Available,2023-7-22
95848,95848,Available,2023-7-22
95217,95217,Available,2023-7-22
92300,300,Available,2023-7-22
95977,95977,Available,2023-7-22
96566,96566,Available,2023-7-22
92240,240,Available,2023-7-22
92225,225,Available,2023-7-22
95053,95053,Available,2023-7-22
95038,95038,Available,2023-7-22
96784,96784,Available,2023-7-22
96334,96334,Available,2023-7-22
95153,95153,Available,2023-7-22
92360,360,Available,2023-7-22
95220,95220,Available,2023-7-22
92355,355,Available,2023-7-22
95024,95024,Available,2023-7-22
96655,96655,Available,2023-7-22
96304,96304,Available,2023-7-22
95298,95298,Available,2023-7-22
92328,328,Available,2023-7-22
95120,95120,Available,2023-7-22
92247,247,Available,2023-7-22
95009,95009,Available,2023-7-22
92326,326,Available,2023-7-22
95136,95136,Available,2023-7-22
95710,95710,Available,2023-7-22
96010,96010,Available,2023-7-22
95484,95484,Available,2023-7-22
95134,95134,Available,2023-7-22
95063,95063,Available,2023-7-22
96040,96040,Available,2023-7-22
96372,96372,Available,2023-7-22
96946,96946,Available,2023-7-22
96283,96283,Available,2023-7-22
92303,303,Available,2023-7-22
96019,96019,Available,2023-7-22
92224,224,Available,2023-7-22
92332,332,Available,2023-7-22
95049,95049,Available,2023-7-22
96430,96430,Available,2023-7-22
92222,222,Available,2023-7-22
96043,96043,Available,2023-7-22
96062,96062,Available,2023-7-22
92252,252,Available,2023-7-22
96212,96212,Available,2023-7-22
92353,353,Available,2023-7-22
96130,96130,Available,2023-7-22
96397,96397,Available,2023-7-22
96222,96222,Available,2023-7-22
92238,238,Available,2023-7-22
92328,328,Available,2023-7-22
96109,96109,Available,2023-7-22
95849,95849,Available,2023-7-22
96034,96034,Available,2023-7-22
96527,96527,Available,2023-7-22
92390,390,Available,2023-7-22
92329,329,Available,2023-7-22
96282,96282,Available,2023-7-22
96169,96169,Available,2023-7-22
95408,95408,Available,2023-7-22
92318,318,Available,2023-7-22
92348,348,Available,2023-7-22
95718,95718,Available,2023-7-22
95812,95812,Available,2023-7-22
92377,377,Available,2023-7-22
92375,375,Available,2023-7-22
96226,96226,Available,2023-7-22
92364,364,Available,2023-7-22
96837,96837,Available,2023-7-22
96224,96224,Available,2023-7-22
85281,85281,Available,2023-7-22
95420,95420,Available,2023-7-22
96218,96218,Available,2023-7-22
92226,226,Available,2023-7-22
95815,95815,Available,2023-7-22
96598,96598,Available,2023-7-22
92329,329,Available,2023-7-22
96434,96434,Available,2023-7-22
95098,95098,Available,2023-7-22
95022,95022,Available,2023-7-22
95039,95039,Available,2023-7-22
92280,280,Available,2023-7-22
95023,95023,Available,2023-7-22
95215,95215,Available,2023-7-22
95769,95769,Available,2023-7-22
92385,385,Available,2023-7-22
92325,325,Available,2023-7-22
96759,96759,Available,2023-7-22
92400,400,Available,2023-7-22
95870,95870,Available,2023-7-22
92351,351,Available,2023-7-22
92336,336,Available,2023-7-22
96440,96440,Available,2023-7-22
92388,388,Available,2023-7-22
92243,243,Available,2023-7-22
95021,95021,Available,2023-7-22
95913,95913,Available,2023-7-22
95192,95192,Available,2023-7-22
96573,96573,Available,2023-7-22
95006,95006,Available,2023-7-22
92291,291,Available,2023-7-22
96586,96586,Available,2023-7-22
92201,201,Available,2023-7-22
96454,96454,Available,2023-7-22
96712,96712,Available,2023-7-22
96893,96893,Available,2023-7-22
92209,209,Available,2023-7-22
96882,96882,Available,2023-7-22
92311,311,Available,2023-7-22
92302,302,Available,2023-7-22
92397,397,Available,2023-7-22
95244,95244,Available,2023-7-22
96100,96100,Available,2023-7-22
96156,96156,Available,2023-7-22
96260,96260,Available,2023-7-22
96793,96793,Available,2023-7-22
95227,95227,Available,2023-7-22
96141,96141,Available,2023-7-22
95469,95469,Available,2023-7-22
92262,262,Available,2023-7-22
95127,95127,Available,2023-7-22
92336,336,Available,2023-7-22
92358,358,Available,2023-7-22
95239,95239,Available,2023-7-22
92203,203,Available,2023-7-22
95218,95218,Available,2023-7-22
96455,96455,Available,2023-7-22
96499,96499,Available,2023-7-22
95454,95454,Available,2023-7-22
92321,321,Available,2023-7-22
92219,219,Available,2023-7-22
95859,95859,Available,2023-7-22
92287,287,Available,2023-7-22
95050,95050,Available,2023-7-22
95106,95106,Available,2023-7-22
92268,268,Available,2023-7-22
96621,96621,Available,2023-7-22
92252,252,Available,2023-7-22
96556,96556,Available,2023-7-22
95085,95085,Available,2023-7-22
92400,400,Available,2023-7-22
96304,96304,Available,2023-7-22
96439,96439,Available,2023-7-22
92341,341,Available,2023-7-22
95918,95918,Available,2023-7-22
92284,284,Available,2023-7-22
92399,399,Available,2023-7-22
92327,327,Available,2023-7-22
95488,95488,Available,2023-7-22
96235,96235,Available,2023-7-22
96202,96202,Available,2023-7-22
92281,281,Available,2023-7-22
95169,95169,Available,2023-7-22
96240,96240,Available,2023-7-22
95728,95728,Available,2023-7-22
96054,96054,Available,2023-7-22
92278,278,Available,2023-7-22
92230,230,Available,2023-7-22
96327,96327,Available,2023-7-22
96425,96425,Available,2023-7-22
92287,287,Available,2023-7-22
92229,229,Available,2023-7-22
96382,96382,Available,2023-7-22
92223,223,Available,2023-7-22
96850,96850,Available,2023-7-22
95071,95071,Available,2023-7-22
96012,96012,Available,2023-7-22
95066,95066,Available,2023-7-22
96742,96742,Available,2023-7-22
96396,96396,Available,2023-7-22
92255,255,Available,2023-7-22
95270,95270,Available,2023-7-22
96557,96557,Available,2023-7-22
95496,95496,Available,2023-7-22
96196,96196,Available,2023-7-22
95063,95063,Available,2023-7-22
95261,95261,Available,2023-7-22
92352,352,Available,2023-7-22
95419,95419,Available,2023-7-22
96434,96434,Available,2023-7-22
96297,96297,Available,2023-7-22
96478,96478,Available,2023-7-22
95057,95057,Available,2023-7-22
96839,96839,Available,2023-7-22
96668,96668,Available,2023-7-22
95155,95155,Available,2023-7-22
95142,95142,Available,2023-7-22
96765,96765,Available,2023-7-22
96829,96829,Available,2023-7-22
95205,95205,Available,2023-7-22
95019,95019,Available,2023-7-22
95124,95124,Available,2023-7-22
92346,346,Available,2023-7-22
96271,96271,Available,2023-7-22
95339,95339,Available,2023-7-22
92362,362,Available,2023-7-22
92360,360,Available,2023-7-22
96475,96475,Available,2023-7-22
92307,307,Available,2023-7-22
95924,95924,Available,2023-7-22
95414,95414,Available,2023-7-22
92337,337,Available,2023-7-22
96257,96257,Available,2023-7-22
92370,370,Available,2023-7-22
92380,380,Available,2023-7-22
95356,95356,Available,2023-7-22
96945,96945,Available,2023-7-22
95096,95096,Available,2023-7-22
95038,95038,Available,2023-7-22
92249,249,Available,2023-7-22
95083,95083,Available,2023-7-22
96432,96432,Available,2023-7-22
92355,355,Available,2023-7-22
92356,356,Available,2023-7-22
95287,95287,Available,2023-7-22
92248,248,Available,2023-7-22
92250,250,Available,2023-7-22
95468,95468,Available,2023-7-22
95442,95442,Available,2023-7-22
95764,95764,Available,2023-7-22
95043,95043,Available,2023-7-22
95372,95372�,Available,2023-7-22
96449,96449,Available,2023-7-22
92380,380,Available,2023-7-22
92364,364,Available,2023-7-22
96494,96494,Available,2023-7-22
92387,387,Available,2023-7-22
92359,359,Available,2023-7-22
92320,320,Available,2023-7-22
95059,95059,Available,2023-7-22
95423,95423,Available,2023-7-22
92325,325,Available,2023-7-22
96273,96273,Available,2023-7-22
96073,96073,Available,2023-7-22
92204,204,Available,2023-7-22
96017,96017,Available,2023-7-22
92244,244�,Available,2023-7-22
92377,377,Available,2023-7-22
96405,96405,Available,2023-7-22
92265,265,Available,2023-7-22
95345,95345,Available,2023-7-22
95754,95754,Available,2023-7-22
96020,96020,Available,2023-7-22
95500,95500,Available,2023-7-22
96360,96360,Available,2023-7-22
92303,92303,Available,2023-7-22
95427,95427,Available,2023-7-22
95949,95949,Available,2023-7-22
95290,95290,Available,2023-7-22
96142,96142,Available,2023-7-22
95126,95126,Available,2023-7-22
92388,92388,Available,2023-7-22
96249,96249,Available,2023-7-22
96591,96591,Available,2023-7-22
95493,95493,Available,2023-7-22
95065,95065,Available,2023-7-22
92392,92392,Available,2023-7-22
92245,92245,Available,2023-7-22
92393,92393,Available,2023-7-22
95821,95821,Available,2023-7-22
96421,96421,Available,2023-7-22
96500,96500,Available,2023-7-22
96480,96480,Available,2023-7-22
95844,95844,Available,2023-7-22
92288,92288,Available,2023-7-22
95072,95072,Available,2023-7-22
95748,95748,Available,2023-7-22
92381,92381,Available,2023-7-22
95115,95115,Available,2023-7-22
96474,96474,Available,2023-7-22
96455,96455,Available,2023-7-22
95412,95412,Available,2023-7-22
95023,95023,Available,2023-7-22
96979,96979,Available,2023-7-22
96438,96438,Available,2023-7-22
92276,92276,Available,2023-7-22
92202,92202,Available,2023-7-22
95893,95893,Available,2023-7-22
96412,96412,Available,2023-7-22
96858,96858,Available,2023-7-22
95201,95201,Available,2023-7-22
96429,96429,Available,2023-7-22
95451,95451,Available,2023-7-22
92315,92315,Available,2023-7-22
95734,95734,Available,2023-7-22
92358,92358,Available,2023-7-22
92260,92260,Available,2023-7-22
96079,96079,Available,2023-7-22
92223,92223,Available,2023-7-22
92238,92238,Available,2023-7-22
972,972,Available,2023-7-22
96820,96820,Available,2023-7-22
95249,95249,Available,2023-7-22
95985,95985,Available,2023-7-22
96074,96074,Available,2023-7-22
95224,95224,Available,2023-7-22
95224,95224,Available,2023-7-22
92390,92390,Available,2023-7-22
92383,92383,Available,2023-7-22
95379,95379,Available,2023-7-22
96239,96239,Available,2023-7-22
95751,95751,Available,2023-7-22
92212,92212,Available,2023-7-22
9626,9626,Available,2023-7-22
96092,96092,Available,2023-7-22
92231,92231,Available,2023-7-22
95884,95884,Available,2023-7-22
92365,92365,Available,2023-7-22
96154,96154,Available,2023-7-22
92248,92248,Available,2023-7-22
96452,96452,Available,2023-7-22
95245,95245,Available,2023-7-22
95044,95044,Available,2023-7-22
96889,96889,Available,2023-7-22
96889,96889,Available,2023-7-22
92203,92203,Available,2023-7-22
95722,95722,Available,2023-7-22
92234,92234,Available,2023-7-22
96427,96427,Available,2023-7-22
96977,96977,Available,2023-7-22
95860,95860,Available,2023-7-22
96794,96794,Available,2023-7-22
68096,68096,Available,2023-7-22
96398,96398,Available,2023-7-22
95333,95333,Available,2023-7-22
96553,96553,Available,2023-7-22
92219,92219,Available,2023-7-22
95088,95088,Available,2023-7-22
95314,95314,Available,2023-7-22
92253,92253,Available,2023-7-22
92335,92335,Available,2023-7-22
92372,92372,Available,2023-7-22
96959,96959,Available,2023-7-22
95860,95860,Available,2023-7-22
95788,95788,Available,2023-7-22
96685,96685,Available,2023-7-22
92396,92396,Available,2023-7-22
96483,96483,Available,2023-7-22
92332,92332,Available,2023-7-22
96818,96818,Available,2023-7-22
92310,92310,Available,2023-7-22
92264,92264,Available,2023-7-22
92209,92209,Available,2023-7-22
95099,95099,Available,2023-7-22
96935,96935,Available,2023-7-22
92302,92302,Available,2023-7-22
92205,92205,Available,2023-7-22
95462,95462,Available,2023-7-22
92384,92384,Available,2023-7-22
96849,96849,Available,2023-7-22
95858,95858,Available,2023-7-22
92285,285,Available,2023-7-22
92264,264,Available,2023-7-22
92267,267,Available,2023-7-22
92313,317,Available,2023-7-22
92207,207,Available,2023-7-22
92201,201,Available,2023-7-22
92275,275,Available,2023-7-22
92332,332,Available,2023-7-22
92227,227,Available,2023-7-22
92269,269,Available,2023-7-22
92320,320,Available,2023-7-22
92262,262,Available,2023-7-22
95456,95456,Available,2023-7-22
95204,95204,Available,2023-7-22
95481,95481,Available,2023-7-22
92215,215,Available,2023-7-22
922371,371,Available,2023-7-22
92255,255,Available,2023-7-22
92262,262,Available,2023-7-22
92334,334,Available,2023-7-22
92293,293,Available,2023-7-22
96383,96383,Available,2023-7-22
92297,297,Available,2023-7-22
95052,95052,Available,2023-7-22
92284,284,Available,2023-7-22
95296,95296,Available,2023-7-22
92319,319,Available,2023-7-22
92212,212,Available,2023-7-22
92247,247,Available,2023-7-22
95705,95705,Available,2023-7-22
95449,95449,Available,2023-7-22
96259,96259,Available,2023-7-22
92377,377,Available,2023-7-22
93396,396,Available,2023-7-22
92241,291,Available,2023-7-22
92276�,276,Available,2023-7-22
92219,219,Available,2023-7-22
96230,96230,Available,2023-7-22
92333,333,Available,2023-7-22
95470,95470,Available,2023-7-22
92273,273,Available,2023-7-22
92386,386,Available,2023-7-22
95470,95470,Available,2023-7-22
95950,95940,Available,2023-7-22
95257,95257,Available,2023-7-22
95490,95490,Available,2023-7-22
92204,204,Available,2023-7-22
92324,324,Available,2023-7-22
96813,96813,Available,2023-7-22
96615,96615,Available,2023-7-22
96999,96999,Available,2023-7-22
96234,96234,Available,2023-7-22
92389,389,Available,2023-7-22
92273,273,Available,2023-7-22
92344,344,Available,2023-7-22
95041,95041,Available,2023-7-22
92306,306,Available,2023-7-22
92372,372,Available,2023-7-22
96291,96291,Available,2023-7-22
95243,95243,Available,2023-7-22
95430,95430,Available,2023-7-22
96019,96019,Available,2023-7-22
92285,285,Available,2023-7-22
95787,95787,Available,2023-7-22
95830,95830,Available,2023-7-22
92396,396,Available,2023-7-22
96200,96200,Available,2023-7-22
95841,95841,Available,2023-7-22
92282,282,Available,2023-7-22
96292,96292,Available,2023-7-22
92317,317,Available,2023-7-22
96955,96955,Available,2023-7-22
92337,337,Available,2023-7-22
95435,95435,Available,2023-7-22
92207,207,Available,2023-7-22
95213,95213,Available,2023-7-22
92254,254,Available,2023-7-22
92260,260,Available,2023-7-22
96228,96228,Available,2023-7-22
92205,205,Available,2023-7-22
92265,265,Available,2023-7-22
95248,95248,Available,2023-7-22
96441,96441,Available,2023-7-22
92293,293,Available,2023-7-22
46732,96732,Available,2023-7-22
92294,244,Available,2023-7-22
96086,96086,Available,2023-7-22
92328,328,Available,2023-7-22
96277,96277,Available,2023-7-22
96170,96170,Available,2023-7-22
92342,92342,Available,2023-7-22
96497,96497,Available,2023-7-22
92363,92363,Available,2023-7-22
95917,95917,Available,2023-7-22
95351,95351,Available,2023-7-22
96359,96359,Available,2023-7-22
92367,92367,Available,2023-7-22
96473,96473,Available,2023-7-22
95814,95814,Available,2023-7-22
96452,96452,Available,2023-7-22
96295,96295,Available,2023-7-22
92239,92239,Available,2023-7-22
92238,92238,Available,2023-7-22
96526,96526,Available,2023-7-22
92236,92236,Available,2023-7-22
92313,313,Available,2023-7-22
95962,95962,Available,2023-7-22
92361,361,Available,2023-7-22
92330,330,Available,2023-7-22
95490,95490,Available,2023-7-22
96259,96259,Available,2023-7-22
96269,96269,Available,2023-7-22
96175,96175,Available,2023-7-22
96266,96266,Available,2023-7-22
95284,95284,Available,2023-7-22
92356,356,Available,2023-7-22
95736,95236,Available,2023-7-22
95427,95427,Available,2023-7-22
95197,95197,Available,2023-7-22
92367,367,Available,2023-7-22
95064,95064,Available,2023-7-22
96425,96425,Available,2023-7-22
95781,95781,Available,2023-7-22
95951,95951,Available,2023-7-22
95429,95429,Available,2023-7-22
95022,95022,Available,2023-7-22
95186,95186,Available,2023-7-22
96328,96328,Available,2023-7-22
95990,95990,Available,2023-7-22
92270,270,Available,2023-7-22
96470,96470,Available,2023-7-22
95321,95321,Available,2023-7-22
95770,95770,Available,2023-7-22
96226,96226,Available,2023-7-22
92369,369,Available,2023-7-22
95906,95906,Available,2023-7-22
95337,95337,Available,2023-7-22
92285,285,Available,2023-7-22
96075,96075,Available,2023-7-22
95270,95270,Available,2023-7-22
92266,92266,Available,2023-7-22
95735,95735,Available,2023-7-22
92313,92313,Available,2023-7-22
92222,92222,Available,2023-7-22
92306,92306,Available,2023-7-22
95084,95084,Available,2023-7-22
92362,92362,Available,2023-7-22
95445,95445,Available,2023-7-22
92334,92334,Available,2023-7-22
92249,92249,Available,2023-7-22
95278,95278,Available,2023-7-22
95755,95755,Available,2023-7-22
92300,92300,Available,2023-7-22
95780,95780,Available,2023-7-22
96873,96873,Available,2023-7-22
96094,96094,Available,2023-7-22
96000,96000,Available,2023-7-22
96282,96282,Available,2023-7-22
96662,96662,Available,2023-7-22
95266,95266,Available,2023-7-22
95307,95307,Available,2023-7-22
92259,259,Available,2023-7-22
92305,305,Available,2023-7-22
96399,96399,Available,2023-7-22
95487,95487,Available,2023-7-22
96520,96520,Available,2023-7-22
95319,95319,Available,2023-7-22
95843,95843,Available,2023-7-22
96041,96041,Available,2023-7-22
92220,220,Available,2023-7-22
96033,96033,Available,2023-7-22
95068,95068,Available,2023-7-22
92261,261,Available,2023-7-22
95080,95080,Available,2023-7-22
95049,95049,Available,2023-7-22
92209,209,Available,2023-7-22
92389,92389,Available,2023-7-22
96342,96342,Available,2023-7-22
92386,92386,Available,2023-7-22
96533,96533,Available,2023-7-22
96061,96061,Available,2023-7-22
92301,92301,Available,2023-7-22
96486,96486,Available,2023-7-22
95075,95075,Available,2023-7-22
92262,92262,Available,2023-7-22
95761,95761,Available,2023-7-22
95047,95047,Available,2023-7-22
92227,92227,Available,2023-7-22
95255,95255,Available,2023-7-22
96852,96852,Available,2023-7-22
96473,96473,Available,2023-7-22
92385,385,Available,2023-7-22
95181,95181,Available,2023-7-22
95976,95976,Available,2023-7-22
96569,96569,Available,2023-7-22
96433,96433,Available,2023-7-22
95074,95074,Available,2023-7-22
95269,95269,Available,2023-7-22
92392,392,Available,2023-7-22
92393,393,Available,2023-7-22
96925,96925,Available,2023-7-22
96209,96209,Available,2023-7-22
96026,96026,Available,2023-7-22
92261,261,Available,2023-7-22
95046,95046,Available,2023-7-22
95225,95225,Available,2023-7-22
95015,95015,Available,2023-7-22
96412,96412,Available,2023-7-22
92338,338,Available,2023-7-22
95206,95206,Available,2023-7-22
95788,95788,Available,2023-7-22
92210,210,Available,2023-7-22
92317,92317,Available,2023-7-22
96421,96421,Available,2023-7-22
96471,96471,Available,2023-7-22
95334,95334,Available,2023-7-22
92367,367,Available,2023-7-22
92372,372,Available,2023-7-22
92234,234,Available,2023-7-22
95367,95367,Available,2023-7-22
95031,95031,Available,2023-7-22
96276,96276,Available,2023-7-22
95757,95757,Available,2023-7-22
92335,335,Available,2023-7-22
96627,96627,Available,2023-7-22
92284,284,Available,2023-7-22
92339,339,Available,2023-7-22
95093,95093,Available,2023-7-22
95484,95484,Available,2023-7-22
92208,208,Available,2023-7-22
95453,95453,Available,2023-7-22
96117,96117,Available,2023-7-22
96888,96888,Available,2023-7-22
95264,95264,Available,2023-7-22
95732,95732,Available,2023-7-22
95196,95196,Available,2023-7-22
967404,967404,Available,2023-7-22
95267,95267,Available,2023-7-22
95061,95061,Available,2023-7-22
95238,95238,Available,2023-7-22
96466,96466,Available,2023-7-22
92242,242,Available,2023-7-22
92343,343,Available,2023-7-22
95303,95303,Available,2023-7-22
95034,95034,Available,2023-7-22
95855,95855,Available,2023-7-22
96411,96411,Available,2023-7-22
95117,95117,Available,2023-7-22
92234,234,Available,2023-7-22
96031,96031,Available,2023-7-22
92208,208,Available,2023-7-22
92229,229,Available,2023-7-22
92389,389,Available,2023-7-22
95199,95199,Available,2023-7-22
92385,385,Available,2023-7-22
96718,96718,Available,2023-7-22
96766,96766,Available,2023-7-22
92397,338,Available,2023-7-22
92387,397,Available,2023-7-22
95117,95117,Available,2023-7-22
96926,96926,Available,2023-7-22
92373,373,Available,2023-7-22
92300,300,Available,2023-7-22
96069,96069,Available,2023-7-22
92270,270,Available,2023-7-22
95039,95039,Available,2023-7-22
95263,95263,Available,2023-7-22
95376,95376,Available,2023-7-22
92314,92314,Available,2023-7-22
92388,388,Available,2023-7-22
